GEOID,total_outage_days,median_income,n_requests,pre_n,dur_n,pre_rate,dur_rate,rate_change,crime_increased
17031010100,2.0,69460.0,1,0.0,0.0,0.0,0.0,0.0,False
17031010201,28.0,49639.0,3,2.0,1.0,0.07142857142857142,0.03571428571428571,-0.03571428571428571,False
17031010202,29.0,55119.0,5,0.0,3.0,0.0,0.10344827586206896,0.10344827586206896,True
17031010300,31.0,65871.0,10,4.0,5.0,0.12903225806451613,0.16129032258064516,0.03225806451612903,True
17031010501,29.0,48250.0,5,4.0,1.0,0.13793103448275862,0.034482758620689655,-0.10344827586206896,False
17031010600,3.0,71920.0,2,1.0,0.0,0.3333333333333333,0.0,-0.3333333333333333,False
17031010701,10.0,74208.0,2,1.0,0.0,0.1,0.0,-0.1,False
17031020100,3.0,69850.0,1,0.0,0.0,0.0,0.0,0.0,False
17031020200,1.0,115559.0,1,1.0,0.0,1.0,0.0,-1.0,False
17031020302,13.0,81563.0,4,1.0,0.0,0.07692307692307693,0.0,-0.07692307692307693,False
17031020500,9.0,46458.0,3,2.0,1.0,0.2222222222222222,0.1111111111111111,-0.1111111111111111,False
17031020602,10.0,87804.0,3,0.0,0.0,0.0,0.0,0.0,False
17031020802,7.0,70044.0,3,0.0,1.0,0.0,0.14285714285714285,0.14285714285714285,True
17031020902,1.0,47963.0,1,0.0,0.0,0.0,0.0,0.0,False
17031030101,26.0,49132.0,5,2.0,3.0,0.07692307692307693,0.11538461538461539,0.038461538461538464,True
17031030102,3.0,59622.0,1,0.0,0.0,0.0,0.0,0.0,False
17031030200,2.0,103758.0,2,2.0,0.0,1.0,0.0,-1.0,False
17031030300,3.0,67143.0,1,1.0,0.0,0.3333333333333333,0.0,-0.3333333333333333,False
17031030500,51.0,123464.0,5,0.0,2.0,0.0,0.0392156862745098,0.0392156862745098,True
17031030603,2.0,54415.0,1,0.0,0.0,0.0,0.0,0.0,False
17031030604,1.0,51032.0,1,0.0,0.0,0.0,0.0,0.0,False
17031030703,3.0,68861.0,2,1.0,0.0,0.3333333333333333,0.0,-0.3333333333333333,False
17031030706,8.0,50431.0,1,0.0,0.0,0.0,0.0,0.0,False
17031030800,48.0,96719.0,2,2.0,0.0,0.041666666666666664,0.0,-0.041666666666666664,False
17031031200,10.0,27869.0,2,1.0,0.0,0.1,0.0,-0.1,False
17031031400,4.0,87500.0,2,1.0,0.0,0.25,0.0,-0.25,False
17031031501,2.0,51731.0,1,0.0,0.0,0.0,0.0,0.0,False
17031031700,8.0,82774.0,1,0.0,1.0,0.0,0.125,0.125,True
17031040201,5.0,103409.0,1,1.0,0.0,0.2,0.0,-0.2,False
17031040202,6.0,62500.0,3,1.0,0.0,0.16666666666666666,0.0,-0.16666666666666666,False
17031040402,38.0,94541.0,6,1.0,3.0,0.02631578947368421,0.07894736842105263,0.05263157894736842,True
17031040600,5.0,90921.0,2,0.0,1.0,0.0,0.2,0.2,True
17031040700,3.0,109205.0,1,1.0,0.0,0.3333333333333333,0.0,-0.3333333333333333,False
17031040900,0.0,92167.0,1,0.0,0.0,,,,False
17031050200,4.0,124167.0,2,0.0,1.0,0.0,0.25,0.25,True
17031050300,0.0,166681.0,1,0.0,0.0,,,,False
17031050500,23.0,144250.0,2,0.0,1.0,0.0,0.043478260869565216,0.043478260869565216,True
17031051300,5.0,199890.0,1,1.0,0.0,0.2,0.0,-0.2,False
17031051400,1.0,150357.0,1,0.0,0.0,0.0,0.0,0.0,False
17031060100,3.0,145313.0,2,0.0,0.0,0.0,0.0,0.0,False
17031060200,10.0,91081.0,2,0.0,2.0,0.0,0.2,0.2,True
17031060300,5.0,139306.0,1,1.0,0.0,0.2,0.0,-0.2,False
17031060800,14.0,83534.0,3,1.0,1.0,0.07142857142857142,0.07142857142857142,0.0,False
17031061000,4.0,116500.0,1,1.0,0.0,0.25,0.0,-0.25,False
17031061100,1.0,123750.0,1,0.0,0.0,0.0,0.0,0.0,False
17031062000,5.0,133514.0,1,1.0,0.0,0.2,0.0,-0.2,False
17031062700,5.0,136667.0,2,0.0,0.0,0.0,0.0,0.0,False
17031062900,24.0,181429.0,1,1.0,0.0,0.041666666666666664,0.0,-0.041666666666666664,False
17031063000,3.0,103250.0,2,0.0,0.0,0.0,0.0,0.0,False
17031063200,6.0,77183.0,2,0.0,0.0,0.0,0.0,0.0,False
17031063301,1.0,69188.0,1,0.0,0.0,0.0,0.0,0.0,False
17031063303,23.0,104813.0,3,0.0,1.0,0.0,0.043478260869565216,0.043478260869565216,True
17031070101,16.0,96944.0,6,0.0,0.0,0.0,0.0,0.0,False
17031070102,1.0,106062.0,1,0.0,0.0,0.0,0.0,0.0,False
17031070300,5.0,178750.0,3,1.0,0.0,0.2,0.0,-0.2,False
17031070400,14.0,205772.0,1,2.0,0.0,0.14285714285714285,0.0,-0.14285714285714285,False
17031070600,2.0,210469.0,2,0.0,0.0,0.0,0.0,0.0,False
17031070700,4.0,146806.0,2,0.0,0.0,0.0,0.0,0.0,False
17031071100,31.0,212677.0,6,0.0,3.0,0.0,0.0967741935483871,0.0967741935483871,True
17031071200,8.0,131163.0,1,0.0,0.0,0.0,0.0,0.0,False
17031071300,5.0,127083.0,2,0.0,0.0,0.0,0.0,0.0,False
17031071500,14.0,123663.0,1,0.0,2.0,0.0,0.14285714285714285,0.14285714285714285,True
17031071600,2.0,242250.0,1,0.0,0.0,0.0,0.0,0.0,False
17031080100,28.0,116983.0,3,1.0,2.0,0.03571428571428571,0.07142857142857142,0.03571428571428571,True
17031080300,55.0,157882.0,6,3.0,0.0,0.05454545454545454,0.0,-0.05454545454545454,False
17031081000,15.0,81616.0,3,1.0,1.0,0.06666666666666667,0.06666666666666667,0.0,False
17031081100,12.0,79683.0,1,0.0,1.0,0.0,0.08333333333333333,0.08333333333333333,True
17031081201,16.0,134246.0,6,2.0,3.0,0.125,0.1875,0.0625,True
17031081202,62.0,158100.0,9,0.0,4.0,0.0,0.06451612903225806,0.06451612903225806,True
17031081300,7.0,115260.0,2,1.0,0.0,0.14285714285714285,0.0,-0.14285714285714285,False
17031081401,17.0,82365.0,3,0.0,1.0,0.0,0.058823529411764705,0.058823529411764705,True
17031081402,13.0,166824.0,1,0.0,1.0,0.0,0.07692307692307693,0.07692307692307693,True
17031081403,7.0,117550.0,2,1.0,0.0,0.14285714285714285,0.0,-0.14285714285714285,False
17031081500,31.0,141780.0,4,0.0,1.0,0.0,0.03225806451612903,0.03225806451612903,True
17031081600,10.0,140323.0,3,0.0,1.0,0.0,0.1,0.1,True
17031081700,56.0,134579.0,4,0.0,2.0,0.0,0.03571428571428571,0.03571428571428571,True
17031081800,59.0,157238.0,6,1.0,4.0,0.01694915254237288,0.06779661016949153,0.05084745762711865,True
17031090100,23.0,136463.0,4,0.0,2.0,0.0,0.08695652173913043,0.08695652173913043,True
17031090200,15.0,129787.0,2,1.0,0.0,0.06666666666666667,0.0,-0.06666666666666667,False
17031100600,3.0,84896.0,1,0.0,0.0,0.0,0.0,0.0,False
17031100700,5.0,131932.0,1,1.0,0.0,0.2,0.0,-0.2,False
17031110100,5.0,94141.0,2,0.0,1.0,0.0,0.2,0.2,True
17031110300,1.0,122652.0,2,0.0,0.0,0.0,0.0,0.0,False
17031110400,3.0,85825.0,1,0.0,0.0,0.0,0.0,0.0,False
17031110501,19.0,104848.0,2,0.0,2.0,0.0,0.10526315789473684,0.10526315789473684,True
17031110502,1.0,80762.0,1,0.0,0.0,0.0,0.0,0.0,False
17031120200,29.0,155481.0,3,0.0,3.0,0.0,0.10344827586206896,0.10344827586206896,True
17031120400,0.0,117404.0,1,0.0,0.0,,,,False
17031130100,3.0,41336.0,1,0.0,0.0,0.0,0.0,0.0,False
17031130300,7.0,69857.0,3,1.0,0.0,0.14285714285714285,0.0,-0.14285714285714285,False
17031140200,3.0,68875.0,2,1.0,0.0,0.3333333333333333,0.0,-0.3333333333333333,False
17031140301,11.0,71648.0,3,1.0,0.0,0.09090909090909091,0.0,-0.09090909090909091,False
17031140602,12.0,67321.0,2,1.0,1.0,0.08333333333333333,0.08333333333333333,0.0,False
17031140800,9.0,100250.0,2,0.0,1.0,0.0,0.1111111111111111,0.1111111111111111,True
17031150200,15.0,94021.0,1,0.0,1.0,0.0,0.06666666666666667,0.06666666666666667,True
17031150300,2.0,88125.0,2,0.0,1.0,0.0,0.5,0.5,True
17031150402,3.0,102094.0,2,1.0,1.0,0.3333333333333333,0.3333333333333333,0.0,False
17031150501,9.0,126806.0,4,2.0,0.0,0.2222222222222222,0.0,-0.2222222222222222,False
17031150502,6.0,69869.0,1,0.0,1.0,0.0,0.16666666666666666,0.16666666666666666,True
17031150600,5.0,95045.0,2,0.0,1.0,0.0,0.2,0.2,True
17031150700,24.0,108385.0,4,2.0,0.0,0.08333333333333333,0.0,-0.08333333333333333,False
17031150800,25.0,79044.0,2,0.0,1.0,0.0,0.04,0.04,True
17031151002,16.0,78851.0,5,1.0,2.0,0.0625,0.125,0.0625,True
17031151100,35.0,76864.0,7,4.0,0.0,0.11428571428571428,0.0,-0.11428571428571428,False
17031151200,7.0,92201.0,3,1.0,0.0,0.14285714285714285,0.0,-0.14285714285714285,False
17031160200,10.0,128288.0,2,0.0,0.0,0.0,0.0,0.0,False
17031160300,59.0,76083.0,10,2.0,3.0,0.03389830508474576,0.05084745762711865,0.016949152542372885,True
17031160501,9.0,76514.0,2,1.0,0.0,0.1111111111111111,0.0,-0.1111111111111111,False
17031160502,10.0,85500.0,2,0.0,2.0,0.0,0.2,0.2,True
17031160602,5.0,96324.0,3,0.0,0.0,0.0,0.0,0.0,False
17031160800,8.0,83148.0,3,0.0,1.0,0.0,0.125,0.125,True
17031160900,13.0,116063.0,3,2.0,1.0,0.15384615384615385,0.07692307692307693,-0.07692307692307693,False
17031161000,24.0,113287.0,1,0.0,1.0,0.0,0.041666666666666664,0.041666666666666664,True
17031161100,24.0,153750.0,1,0.0,1.0,0.0,0.041666666666666664,0.041666666666666664,True
17031161300,4.0,58425.0,2,0.0,1.0,0.0,0.25,0.25,True
17031170100,1.0,41699.0,1,0.0,0.0,0.0,0.0,0.0,False
17031170200,8.0,90625.0,2,2.0,0.0,0.25,0.0,-0.25,False
17031170400,22.0,105524.0,4,2.0,1.0,0.09090909090909091,0.045454545454545456,-0.045454545454545456,False
17031170500,20.0,85395.0,6,2.0,1.0,0.1,0.05,-0.05,False
17031170600,9.0,78187.0,3,1.0,0.0,0.1111111111111111,0.0,-0.1111111111111111,False
17031170700,14.0,82284.0,2,0.0,2.0,0.0,0.14285714285714285,0.14285714285714285,True
17031171000,14.0,82790.0,5,1.0,0.0,0.07142857142857142,0.0,-0.07142857142857142,False
17031190100,9.0,53717.0,3,1.0,1.0,0.1111111111111111,0.1111111111111111,0.0,False
17031190200,2.0,82551.0,1,0.0,0.0,0.0,0.0,0.0,False
17031190300,14.0,68281.0,3,0.0,1.0,0.0,0.07142857142857142,0.07142857142857142,True
17031190402,32.0,60316.0,6,1.0,1.0,0.03125,0.03125,0.0,False
17031190601,14.0,73607.0,6,4.0,2.0,0.2857142857142857,0.14285714285714285,-0.14285714285714285,False
17031190602,1.0,73315.0,1,0.0,0.0,0.0,0.0,0.0,False
17031190702,4.0,65551.0,2,1.0,0.0,0.25,0.0,-0.25,False
17031190800,1.0,56311.0,1,0.0,1.0,0.0,1.0,1.0,True
17031191000,36.0,66632.0,2,1.0,2.0,0.027777777777777776,0.05555555555555555,0.027777777777777776,True
17031191100,22.0,53683.0,2,0.0,1.0,0.0,0.045454545454545456,0.045454545454545456,True
17031191200,2.0,64688.0,1,0.0,1.0,0.0,0.5,0.5,True
17031191301,2.0,65240.0,1,0.0,0.0,0.0,0.0,0.0,False
17031191302,37.0,58208.0,7,4.0,1.0,0.10810810810810811,0.02702702702702703,-0.08108108108108109,False
17031200100,16.0,72417.0,2,1.0,1.0,0.0625,0.0625,0.0,False
17031200401,14.0,73384.0,3,0.0,1.0,0.0,0.07142857142857142,0.07142857142857142,True
17031200402,12.0,77091.0,4,0.0,3.0,0.0,0.25,0.25,True
17031210501,32.0,74886.0,7,2.0,2.0,0.0625,0.0625,0.0,False
17031210601,21.0,90357.0,3,0.0,2.0,0.0,0.09523809523809523,0.09523809523809523,True
17031210700,1.0,100151.0,1,0.0,0.0,0.0,0.0,0.0,False
17031210900,7.0,106083.0,3,0.0,1.0,0.0,0.14285714285714285,0.14285714285714285,True
17031220300,16.0,94654.0,4,3.0,0.0,0.1875,0.0,-0.1875,False
17031220400,1.0,124613.0,1,0.0,0.0,0.0,0.0,0.0,False
17031220602,18.0,71207.0,2,0.0,1.0,0.0,0.05555555555555555,0.05555555555555555,True
17031220901,1.0,83681.0,1,0.0,0.0,0.0,0.0,0.0,False
17031220902,11.0,78304.0,1,1.0,0.0,0.09090909090909091,0.0,-0.09090909090909091,False
17031221100,57.0,96514.0,7,3.0,2.0,0.05263157894736842,0.03508771929824561,-0.017543859649122806,False
17031221200,42.0,126481.0,4,0.0,2.0,0.0,0.047619047619047616,0.047619047619047616,True
17031221300,16.0,87432.0,2,1.0,1.0,0.0625,0.0625,0.0,False
17031221400,14.0,108789.0,4,2.0,0.0,0.14285714285714285,0.0,-0.14285714285714285,False
17031221600,14.0,138152.0,3,0.0,3.0,0.0,0.21428571428571427,0.21428571428571427,True
17031222200,4.0,188065.0,2,1.0,0.0,0.25,0.0,-0.25,False
17031222900,9.0,89630.0,2,1.0,1.0,0.1111111111111111,0.1111111111111111,0.0,False
17031230100,4.0,89773.0,1,0.0,0.0,0.0,0.0,0.0,False
17031230200,31.0,78056.0,4,4.0,0.0,0.12903225806451613,0.0,-0.12903225806451613,False
17031230400,4.0,91771.0,3,0.0,0.0,0.0,0.0,0.0,False
17031230500,85.0,35727.0,10,3.0,4.0,0.03529411764705882,0.047058823529411764,0.011764705882352941,True
17031230600,56.0,57220.0,8,3.0,3.0,0.05357142857142857,0.05357142857142857,0.0,False
17031230700,96.0,33994.0,15,4.0,4.0,0.041666666666666664,0.041666666666666664,0.0,False
17031230900,19.0,80756.0,5,2.0,3.0,0.10526315789473684,0.15789473684210525,0.05263157894736842,True
17031231100,2.0,59745.0,1,0.0,0.0,0.0,0.0,0.0,False
17031231200,344.0,31629.0,24,12.0,42.0,0.03488372093023256,0.12209302325581395,0.08720930232558138,True
17031231500,242.0,31755.0,28,11.0,8.0,0.045454545454545456,0.03305785123966942,-0.012396694214876033,False
17031240200,36.0,172019.0,4,0.0,2.0,0.0,0.05555555555555555,0.05555555555555555,True
17031240300,2.0,142292.0,1,1.0,0.0,0.5,0.0,-0.5,False
17031240500,53.0,178770.0,3,2.0,1.0,0.03773584905660377,0.018867924528301886,-0.018867924528301886,False
17031240700,3.0,96250.0,1,0.0,0.0,0.0,0.0,0.0,False
17031240900,1.0,98145.0,1,0.0,0.0,0.0,0.0,0.0,False
17031241000,20.0,96518.0,7,2.0,0.0,0.1,0.0,-0.1,False
17031241100,23.0,90822.0,4,3.0,1.0,0.13043478260869565,0.043478260869565216,-0.08695652173913043,False
17031241300,25.0,182829.0,2,1.0,0.0,0.04,0.0,-0.04,False
17031241400,48.0,200429.0,5,2.0,2.0,0.041666666666666664,0.041666666666666664,0.0,False
17031241600,5.0,121471.0,1,0.0,1.0,0.0,0.2,0.2,True
17031242000,1.0,151724.0,1,0.0,0.0,0.0,0.0,0.0,False
17031242100,6.0,205338.0,2,0.0,0.0,0.0,0.0,0.0,False
17031242200,6.0,168311.0,2,0.0,0.0,0.0,0.0,0.0,False
17031242400,1.0,110129.0,1,0.0,0.0,0.0,0.0,0.0,False
17031242500,8.0,93279.0,3,3.0,0.0,0.375,0.0,-0.375,False
17031242600,21.0,85000.0,1,0.0,1.0,0.0,0.047619047619047616,0.047619047619047616,True
17031242700,8.0,80227.0,1,0.0,1.0,0.0,0.125,0.125,True
17031243000,8.0,123750.0,3,0.0,1.0,0.0,0.125,0.125,True
17031243100,1.0,107833.0,1,0.0,0.0,0.0,0.0,0.0,False
17031243400,15.0,113966.0,3,1.0,0.0,0.06666666666666667,0.0,-0.06666666666666667,False
17031243500,26.0,169198.0,6,4.0,0.0,0.15384615384615385,0.0,-0.15384615384615385,False
17031250300,45.0,64537.0,7,1.0,5.0,0.022222222222222223,0.1111111111111111,0.08888888888888888,True
17031250400,82.0,47281.0,9,2.0,6.0,0.024390243902439025,0.07317073170731707,0.048780487804878044,True
17031250500,39.0,120386.0,10,5.0,3.0,0.1282051282051282,0.07692307692307693,-0.051282051282051266,False
17031250600,18.0,81458.0,3,2.0,1.0,0.1111111111111111,0.05555555555555555,-0.05555555555555555,False
17031250700,3.0,50924.0,2,0.0,0.0,0.0,0.0,0.0,False
17031250800,42.0,65884.0,5,3.0,4.0,0.07142857142857142,0.09523809523809523,0.023809523809523808,True
17031251000,3.0,35568.0,1,0.0,0.0,0.0,0.0,0.0,False
17031251100,91.0,40584.0,20,5.0,7.0,0.054945054945054944,0.07692307692307693,0.021978021978021983,True
17031251200,52.0,64309.0,12,2.0,5.0,0.038461538461538464,0.09615384615384616,0.057692307692307696,True
17031251300,42.0,42182.0,11,1.0,1.0,0.023809523809523808,0.023809523809523808,0.0,False
17031251400,84.0,21049.0,16,8.0,5.0,0.09523809523809523,0.05952380952380952,-0.03571428571428571,False
17031251500,86.0,47491.0,16,3.0,8.0,0.03488372093023256,0.09302325581395349,0.05813953488372093,True
17031251600,61.0,34332.0,10,2.0,3.0,0.03278688524590164,0.04918032786885246,0.016393442622950817,True
17031251700,3.0,57037.0,1,0.0,0.0,0.0,0.0,0.0,False
17031251800,169.0,36681.0,28,7.0,10.0,0.04142011834319527,0.05917159763313609,0.017751479289940822,True
17031251900,145.0,35047.0,20,10.0,4.0,0.06896551724137931,0.027586206896551724,-0.041379310344827586,False
17031252000,100.0,30103.0,16,3.0,6.0,0.03,0.06,0.03,True
17031252101,38.0,50139.0,5,0.0,3.0,0.0,0.07894736842105263,0.07894736842105263,True
17031252102,97.0,51992.0,18,8.0,8.0,0.08247422680412371,0.08247422680412371,0.0,False
17031252201,7.0,45458.0,2,1.0,0.0,0.14285714285714285,0.0,-0.14285714285714285,False
17031252202,58.0,45839.0,14,2.0,8.0,0.034482758620689655,0.13793103448275862,0.10344827586206896,True
17031260100,23.0,21875.0,3,0.0,2.0,0.0,0.08695652173913043,0.08695652173913043,True
17031260200,31.0,51125.0,11,3.0,3.0,0.0967741935483871,0.0967741935483871,0.0,False
17031260400,66.0,13489.0,5,2.0,3.0,0.030303030303030304,0.045454545454545456,0.015151515151515152,True
17031260500,33.0,40991.0,6,0.0,3.0,0.0,0.09090909090909091,0.09090909090909091,True
17031260600,69.0,42875.0,12,6.0,3.0,0.08695652173913043,0.043478260869565216,-0.043478260869565216,False
17031260700,95.0,46167.0,14,5.0,7.0,0.05263157894736842,0.07368421052631578,0.021052631578947364,True
17031260800,58.0,36681.0,12,2.0,4.0,0.034482758620689655,0.06896551724137931,0.034482758620689655,True
17031260900,18.0,20841.0,2,3.0,0.0,0.16666666666666666,0.0,-0.16666666666666666,False
17031261000,72.0,48482.0,10,4.0,1.0,0.05555555555555555,0.013888888888888888,-0.041666666666666664,False
17031270500,28.0,24375.0,7,5.0,1.0,0.17857142857142858,0.03571428571428571,-0.14285714285714285,False
17031271200,47.0,31048.0,6,5.0,4.0,0.10638297872340426,0.0851063829787234,-0.021276595744680854,False
17031271300,4.0,45046.0,3,0.0,0.0,0.0,0.0,0.0,False
17031271400,20.0,43355.0,3,0.0,2.0,0.0,0.1,0.1,True
17031271500,24.0,50926.0,1,0.0,1.0,0.0,0.041666666666666664,0.041666666666666664,True
17031271800,5.0,51550.0,3,0.0,0.0,0.0,0.0,0.0,False
17031280100,10.0,148319.0,3,0.0,0.0,0.0,0.0,0.0,False
17031280800,4.0,31500.0,1,0.0,1.0,0.0,0.25,0.25,True
17031281900,9.0,125918.0,2,0.0,1.0,0.0,0.1111111111111111,0.1111111111111111,True
17031282700,40.0,88646.0,3,0.0,3.0,0.0,0.075,0.075,True
17031282800,12.0,85000.0,2,0.0,1.0,0.0,0.08333333333333333,0.08333333333333333,True
17031283200,3.0,64223.0,2,1.0,0.0,0.3333333333333333,0.0,-0.3333333333333333,False
17031290900,135.0,46189.0,12,7.0,7.0,0.05185185185185185,0.05185185185185185,0.0,False
17031291200,50.0,24555.0,7,0.0,3.0,0.0,0.06,0.06,True
17031292200,62.0,37028.0,6,1.0,4.0,0.016129032258064516,0.06451612903225806,0.04838709677419355,True
17031292400,32.0,40152.0,3,0.0,2.0,0.0,0.0625,0.0625,True
17031292500,76.0,54968.0,6,2.0,2.0,0.02631578947368421,0.02631578947368421,0.0,False
17031300500,9.0,76023.0,1,0.0,1.0,0.0,0.1111111111111111,0.1111111111111111,True
17031300600,5.0,51092.0,2,0.0,0.0,0.0,0.0,0.0,False
17031300700,36.0,49206.0,5,0.0,2.0,0.0,0.05555555555555555,0.05555555555555555,True
17031300800,32.0,31161.0,3,2.0,0.0,0.0625,0.0,-0.0625,False
17031300900,36.0,34259.0,8,3.0,1.0,0.08333333333333333,0.027777777777777776,-0.05555555555555555,False
17031301100,22.0,44598.0,8,1.0,2.0,0.045454545454545456,0.09090909090909091,0.045454545454545456,True
17031301200,24.0,53654.0,5,4.0,0.0,0.16666666666666666,0.0,-0.16666666666666666,False
17031301600,13.0,30158.0,4,2.0,0.0,0.15384615384615385,0.0,-0.15384615384615385,False
17031301701,16.0,56460.0,2,0.0,1.0,0.0,0.0625,0.0625,True
17031301702,5.0,69000.0,2,0.0,1.0,0.0,0.2,0.2,True
17031301801,23.0,48944.0,4,2.0,0.0,0.08695652173913043,0.0,-0.08695652173913043,False
17031301802,3.0,25513.0,1,0.0,0.0,0.0,0.0,0.0,False
17031301803,3.0,59213.0,1,0.0,1.0,0.0,0.3333333333333333,0.3333333333333333,True
17031310200,8.0,122422.0,1,0.0,1.0,0.0,0.125,0.125,True
17031310300,2.0,75605.0,1,0.0,0.0,0.0,0.0,0.0,False
17031310400,8.0,80786.0,2,0.0,3.0,0.0,0.375,0.375,True
17031310600,37.0,75604.0,8,0.0,2.0,0.0,0.05405405405405406,0.05405405405405406,True
17031310700,12.0,72684.0,5,1.0,2.0,0.08333333333333333,0.16666666666666666,0.08333333333333333,True
17031310800,38.0,72059.0,20,7.0,2.0,0.18421052631578946,0.05263157894736842,-0.13157894736842105,False
17031310900,14.0,76758.0,5,1.0,1.0,0.07142857142857142,0.07142857142857142,0.0,False
17031320102,22.0,109211.0,6,0.0,4.0,0.0,0.18181818181818182,0.18181818181818182,True
17031320400,101.0,137917.0,9,5.0,6.0,0.04950495049504951,0.0594059405940594,0.009900990099009896,True
17031330101,2.0,181013.0,1,0.0,0.0,0.0,0.0,0.0,False
17031330102,1.0,110464.0,1,0.0,0.0,0.0,0.0,0.0,False
17031330103,3.0,122957.0,2,1.0,0.0,0.3333333333333333,0.0,-0.3333333333333333,False
17031330200,3.0,140556.0,2,1.0,0.0,0.3333333333333333,0.0,-0.3333333333333333,False
17031340400,4.0,41125.0,2,0.0,0.0,0.0,0.0,0.0,False
17031340600,24.0,20588.0,1,0.0,1.0,0.0,0.041666666666666664,0.041666666666666664,True
17031351500,9.0,65938.0,1,0.0,1.0,0.0,0.1111111111111111,0.1111111111111111,True
17031380100,4.0,79734.0,1,0.0,0.0,0.0,0.0,0.0,False
17031380200,24.0,18690.0,1,0.0,1.0,0.0,0.041666666666666664,0.041666666666666664,True
17031380600,19.0,35804.0,7,0.0,2.0,0.0,0.10526315789473684,0.10526315789473684,True
17031381200,2.0,53750.0,1,0.0,0.0,0.0,0.0,0.0,False
17031381400,21.0,44399.0,6,0.0,1.0,0.0,0.047619047619047616,0.047619047619047616,True
17031381500,1.0,25019.0,1,0.0,0.0,0.0,0.0,0.0,False
17031381800,12.0,49671.0,7,1.0,0.0,0.08333333333333333,0.0,-0.08333333333333333,False
17031390200,17.0,109868.0,5,2.0,0.0,0.11764705882352941,0.0,-0.11764705882352941,False
17031390300,8.0,35266.0,3,0.0,0.0,0.0,0.0,0.0,False
17031390400,19.0,31833.0,4,1.0,1.0,0.05263157894736842,0.05263157894736842,0.0,False
17031390600,8.0,94115.0,2,1.0,0.0,0.125,0.0,-0.125,False
17031390700,0.0,67610.0,1,0.0,0.0,,,,False
17031400300,151.0,71288.0,10,2.0,7.0,0.013245033112582781,0.046357615894039736,0.033112582781456956,True
17031400400,144.0,40029.0,15,6.0,5.0,0.041666666666666664,0.034722222222222224,-0.006944444444444441,False
17031400500,13.0,24659.0,2,1.0,0.0,0.07692307692307693,0.0,-0.07692307692307693,False
17031400800,19.0,22648.0,4,1.0,0.0,0.05263157894736842,0.0,-0.05263157894736842,False
17031410100,3.0,58667.0,2,1.0,0.0,0.3333333333333333,0.0,-0.3333333333333333,False
17031410200,4.0,62591.0,1,0.0,0.0,0.0,0.0,0.0,False
17031410500,52.0,73041.0,6,1.0,4.0,0.019230769230769232,0.07692307692307693,0.057692307692307696,True
17031410600,1.0,48071.0,1,0.0,0.0,0.0,0.0,0.0,False
17031410700,20.0,57000.0,3,3.0,0.0,0.15,0.0,-0.15,False
17031410800,32.0,63091.0,4,1.0,2.0,0.03125,0.0625,0.03125,True
17031411100,7.0,123611.0,1,1.0,0.0,0.14285714285714285,0.0,-0.14285714285714285,False
17031420100,4.0,22215.0,1,0.0,2.0,0.0,0.5,0.5,True
17031420400,25.0,38605.0,2,1.0,0.0,0.04,0.0,-0.04,False
17031420500,5.0,22432.0,2,1.0,0.0,0.2,0.0,-0.2,False
17031420600,51.0,43063.0,9,2.0,4.0,0.0392156862745098,0.0784313725490196,0.0392156862745098,True
17031420700,56.0,28605.0,9,4.0,5.0,0.07142857142857142,0.08928571428571429,0.017857142857142863,True
17031420800,26.0,56357.0,7,1.0,1.0,0.038461538461538464,0.038461538461538464,0.0,False
17031421200,67.0,45972.0,9,0.0,3.0,0.0,0.04477611940298507,0.04477611940298507,True
17031430101,29.0,37917.0,7,2.0,0.0,0.06896551724137931,0.0,-0.06896551724137931,False
17031430102,22.0,49672.0,1,1.0,0.0,0.045454545454545456,0.0,-0.045454545454545456,False
17031430200,40.0,34072.0,14,1.0,1.0,0.025,0.025,0.0,False
17031430300,3.0,53807.0,2,0.0,1.0,0.0,0.3333333333333333,0.3333333333333333,True
17031430400,3.0,38034.0,1,0.0,0.0,0.0,0.0,0.0,False
17031430500,13.0,36310.0,4,1.0,1.0,0.07692307692307693,0.07692307692307693,0.0,False
17031430600,53.0,42487.0,11,2.0,2.0,0.03773584905660377,0.03773584905660377,0.0,False
17031430700,7.0,37983.0,3,0.0,0.0,0.0,0.0,0.0,False
17031430800,81.0,47625.0,9,2.0,8.0,0.024691358024691357,0.09876543209876543,0.07407407407407407,True
17031430900,19.0,31357.0,2,0.0,2.0,0.0,0.10526315789473684,0.10526315789473684,True
17031431200,15.0,60110.0,9,5.0,0.0,0.3333333333333333,0.0,-0.3333333333333333,False
17031431301,86.0,36496.0,10,4.0,2.0,0.046511627906976744,0.023255813953488372,-0.023255813953488372,False
17031431302,144.0,31981.0,27,5.0,14.0,0.034722222222222224,0.09722222222222222,0.0625,True
17031431400,384.0,38438.0,22,5.0,20.0,0.013020833333333334,0.052083333333333336,0.0390625,True
17031440101,31.0,28326.0,4,3.0,2.0,0.0967741935483871,0.06451612903225806,-0.03225806451612903,False
17031440102,80.0,36650.0,9,7.0,1.0,0.0875,0.0125,-0.075,False
17031440201,27.0,38257.0,8,0.0,4.0,0.0,0.14814814814814814,0.14814814814814814,True
17031440202,60.0,35079.0,12,2.0,6.0,0.03333333333333333,0.1,0.06666666666666668,True
17031440300,45.0,55476.0,6,2.0,3.0,0.044444444444444446,0.06666666666666667,0.02222222222222222,True
17031440600,8.0,56989.0,6,0.0,0.0,0.0,0.0,0.0,False
17031440900,78.0,43359.0,7,0.0,8.0,0.0,0.10256410256410256,0.10256410256410256,True
17031450300,29.0,46207.0,6,1.0,1.0,0.034482758620689655,0.034482758620689655,0.0,False
17031460100,97.0,48207.0,14,5.0,9.0,0.05154639175257732,0.09278350515463918,0.04123711340206186,True
17031460200,8.0,29246.0,1,1.0,0.0,0.125,0.0,-0.125,False
17031460301,208.0,41296.0,36,21.0,13.0,0.10096153846153846,0.0625,-0.038461538461538464,False
17031460302,82.0,44306.0,16,8.0,3.0,0.0975609756097561,0.036585365853658534,-0.06097560975609757,False
17031460400,65.0,70472.0,10,3.0,3.0,0.046153846153846156,0.046153846153846156,0.0,False
17031460500,114.0,54850.0,20,11.0,6.0,0.09649122807017543,0.05263157894736842,-0.043859649122807015,False
17031460800,204.0,33048.0,33,10.0,8.0,0.049019607843137254,0.0392156862745098,-0.00980392156862745,False
17031461000,28.0,14311.0,2,0.0,2.0,0.0,0.07142857142857142,0.07142857142857142,True
17031480100,1.0,71719.0,1,0.0,0.0,0.0,0.0,0.0,False
17031480300,4.0,54268.0,1,0.0,1.0,0.0,0.25,0.25,True
17031480400,101.0,78064.0,12,4.0,6.0,0.039603960396039604,0.0594059405940594,0.0198019801980198,True
17031480500,31.0,59484.0,3,2.0,0.0,0.06451612903225806,0.0,-0.06451612903225806,False
17031490200,35.0,65268.0,10,3.0,1.0,0.08571428571428572,0.02857142857142857,-0.05714285714285715,False
17031490500,81.0,78319.0,6,1.0,5.0,0.012345679012345678,0.06172839506172839,0.04938271604938271,True
17031490600,23.0,66927.0,3,0.0,3.0,0.0,0.13043478260869565,0.13043478260869565,True
17031490700,38.0,42083.0,10,2.0,2.0,0.05263157894736842,0.05263157894736842,0.0,False
17031490800,168.0,47212.0,11,3.0,7.0,0.017857142857142856,0.041666666666666664,0.023809523809523808,True
17031490901,49.0,32284.0,7,3.0,1.0,0.061224489795918366,0.02040816326530612,-0.04081632653061225,False
17031490902,54.0,69471.0,11,5.0,1.0,0.09259259259259259,0.018518518518518517,-0.07407407407407407,False
17031491000,256.0,33065.0,49,13.0,16.0,0.05078125,0.0625,0.01171875,True
17031491100,33.0,77045.0,7,3.0,0.0,0.09090909090909091,0.0,-0.09090909090909091,False
17031491200,13.0,60417.0,5,2.0,0.0,0.15384615384615385,0.0,-0.15384615384615385,False
17031491300,42.0,39615.0,10,3.0,3.0,0.07142857142857142,0.07142857142857142,0.0,False
17031491400,50.0,38491.0,11,5.0,1.0,0.1,0.02,-0.08,False
17031500100,41.0,67708.0,5,2.0,1.0,0.04878048780487805,0.024390243902439025,-0.024390243902439025,False
17031500200,12.0,40720.0,5,0.0,2.0,0.0,0.16666666666666666,0.16666666666666666,True
17031500300,13.0,51336.0,1,0.0,1.0,0.0,0.07692307692307693,0.07692307692307693,True
17031510100,30.0,71276.0,8,4.0,1.0,0.13333333333333333,0.03333333333333333,-0.1,False
17031510200,10.0,48917.0,2,0.0,2.0,0.0,0.2,0.2,True
17031510300,11.0,30875.0,6,1.0,0.0,0.09090909090909091,0.0,-0.09090909090909091,False
17031520100,44.0,58713.0,6,2.0,3.0,0.045454545454545456,0.06818181818181818,0.02272727272727272,True
17031520200,95.0,46803.0,9,3.0,5.0,0.031578947368421054,0.05263157894736842,0.021052631578947364,True
17031520300,63.0,54175.0,10,3.0,2.0,0.047619047619047616,0.031746031746031744,-0.015873015873015872,False
17031520400,25.0,49494.0,4,1.0,0.0,0.04,0.0,-0.04,False
17031520500,24.0,84563.0,1,1.0,0.0,0.041666666666666664,0.0,-0.041666666666666664,False
17031520600,35.0,70750.0,3,2.0,1.0,0.05714285714285714,0.02857142857142857,-0.02857142857142857,False
17031530100,21.0,29747.0,5,2.0,2.0,0.09523809523809523,0.09523809523809523,0.0,False
17031530200,82.0,39579.0,15,4.0,1.0,0.04878048780487805,0.012195121951219513,-0.03658536585365854,False
17031530300,12.0,56924.0,4,0.0,0.0,0.0,0.0,0.0,False
17031530400,40.0,83836.0,5,0.0,3.0,0.0,0.075,0.075,True
17031530501,81.0,41000.0,17,7.0,7.0,0.08641975308641975,0.08641975308641975,0.0,False
17031530502,15.0,75986.0,5,0.0,3.0,0.0,0.2,0.2,True
17031530503,40.0,50405.0,7,3.0,1.0,0.075,0.025,-0.049999999999999996,False
17031530600,72.0,41678.0,8,4.0,4.0,0.05555555555555555,0.05555555555555555,0.0,False
17031540101,121.0,16176.0,10,2.0,11.0,0.01652892561983471,0.09090909090909091,0.0743801652892562,True
17031540102,25.0,24583.0,4,1.0,1.0,0.04,0.04,0.0,False
17031550100,41.0,52174.0,4,2.0,2.0,0.04878048780487805,0.04878048780487805,0.0,False
17031550200,11.0,72232.0,2,1.0,1.0,0.09090909090909091,0.09090909090909091,0.0,False
17031560200,1.0,73125.0,2,0.0,0.0,0.0,0.0,0.0,False
17031560300,5.0,61979.0,2,0.0,0.0,0.0,0.0,0.0,False
17031560800,2.0,105886.0,2,1.0,0.0,0.5,0.0,-0.5,False
17031561100,3.0,107857.0,2,0.0,0.0,0.0,0.0,0.0,False
17031570100,4.0,73462.0,1,0.0,0.0,0.0,0.0,0.0,False
17031570300,6.0,60139.0,2,0.0,0.0,0.0,0.0,0.0,False
17031570400,5.0,72263.0,2,1.0,1.0,0.2,0.2,0.0,False
17031580100,4.0,49323.0,5,1.0,2.0,0.25,0.5,0.25,True
17031580200,60.0,36010.0,14,7.0,5.0,0.11666666666666667,0.08333333333333333,-0.03333333333333334,False
17031580300,50.0,83029.0,4,0.0,2.0,0.0,0.04,0.04,True
17031580400,4.0,56190.0,2,0.0,0.0,0.0,0.0,0.0,False
17031580501,23.0,52757.0,3,2.0,1.0,0.08695652173913043,0.043478260869565216,-0.043478260869565216,False
17031580502,1.0,59803.0,1,0.0,0.0,0.0,0.0,0.0,False
17031580600,73.0,67297.0,13,6.0,1.0,0.0821917808219178,0.0136986301369863,-0.0684931506849315,False
17031580700,31.0,59399.0,9,4.0,0.0,0.12903225806451613,0.0,-0.12903225806451613,False
17031580800,7.0,67679.0,3,2.0,0.0,0.2857142857142857,0.0,-0.2857142857142857,False
17031590500,4.0,72383.0,3,1.0,0.0,0.25,0.0,-0.25,False
17031590600,0.0,78137.0,1,0.0,0.0,,,,False
17031590700,12.0,77344.0,4,2.0,0.0,0.16666666666666666,0.0,-0.16666666666666666,False
17031600600,1.0,72210.0,1,0.0,0.0,0.0,0.0,0.0,False
17031600700,7.0,68237.0,1,0.0,0.0,0.0,0.0,0.0,False
17031600900,26.0,62049.0,7,1.0,2.0,0.038461538461538464,0.07692307692307693,0.038461538461538464,True
17031610300,45.0,49901.0,10,3.0,5.0,0.06666666666666667,0.1111111111111111,0.04444444444444444,True
17031610400,5.0,35938.0,2,0.0,1.0,0.0,0.2,0.2,True
17031610800,6.0,125250.0,2,0.0,0.0,0.0,0.0,0.0,False
17031611200,4.0,41480.0,1,0.0,0.0,0.0,0.0,0.0,False
17031611300,4.0,48351.0,3,0.0,1.0,0.0,0.25,0.25,True
17031611400,8.0,32056.0,4,0.0,3.0,0.0,0.375,0.375,True
17031611500,10.0,42353.0,2,1.0,0.0,0.1,0.0,-0.1,False
17031611600,9.0,52692.0,1,0.0,0.0,0.0,0.0,0.0,False
17031611800,28.0,50250.0,7,4.0,0.0,0.14285714285714285,0.0,-0.14285714285714285,False
17031611900,46.0,39375.0,7,1.0,1.0,0.021739130434782608,0.021739130434782608,0.0,False
17031612000,0.0,57396.0,1,0.0,0.0,,,,False
17031612100,39.0,25000.0,4,1.0,3.0,0.02564102564102564,0.07692307692307693,0.05128205128205129,True
17031612200,17.0,46227.0,5,0.0,1.0,0.0,0.058823529411764705,0.058823529411764705,True
17031620100,17.0,85256.0,6,2.0,2.0,0.11764705882352941,0.11764705882352941,0.0,False
17031620200,25.0,64107.0,2,0.0,1.0,0.0,0.04,0.04,True
17031620300,23.0,71319.0,4,2.0,2.0,0.08695652173913043,0.08695652173913043,0.0,False
17031620400,0.0,62000.0,1,0.0,0.0,,,,False
17031630300,31.0,64871.0,4,0.0,1.0,0.0,0.03225806451612903,0.03225806451612903,True
17031630400,32.0,58147.0,6,2.0,3.0,0.0625,0.09375,0.03125,True
17031630500,11.0,53235.0,5,1.0,0.0,0.09090909090909091,0.0,-0.09090909090909091,False
17031630600,88.0,48398.0,12,5.0,4.0,0.056818181818181816,0.045454545454545456,-0.01136363636363636,False
17031630800,49.0,72582.0,5,1.0,2.0,0.02040816326530612,0.04081632653061224,0.02040816326530612,True
17031630900,22.0,49922.0,7,2.0,0.0,0.09090909090909091,0.0,-0.09090909090909091,False
17031640300,28.0,86900.0,3,1.0,1.0,0.03571428571428571,0.03571428571428571,0.0,False
17031640400,5.0,93488.0,2,1.0,1.0,0.2,0.2,0.0,False
17031640600,10.0,74773.0,2,0.0,0.0,0.0,0.0,0.0,False
17031640700,5.0,78533.0,1,0.0,1.0,0.0,0.2,0.2,True
17031640800,1.0,40556.0,1,0.0,1.0,0.0,1.0,1.0,True
17031650100,16.0,65852.0,4,2.0,0.0,0.125,0.0,-0.125,False
17031650200,1.0,93041.0,1,0.0,0.0,0.0,0.0,0.0,False
17031650301,1.0,53750.0,1,0.0,0.0,0.0,0.0,0.0,False
17031650302,19.0,65833.0,6,3.0,0.0,0.15789473684210525,0.0,-0.15789473684210525,False
17031650400,19.0,82758.0,5,0.0,1.0,0.0,0.05263157894736842,0.05263157894736842,True
17031650500,13.0,64432.0,4,4.0,9.0,0.3076923076923077,0.6923076923076923,0.3846153846153846,True
17031660301,42.0,28846.0,9,2.0,2.0,0.047619047619047616,0.047619047619047616,0.0,False
17031660302,4.0,49101.0,3,0.0,0.0,0.0,0.0,0.0,False
17031660400,49.0,50710.0,6,2.0,3.0,0.04081632653061224,0.061224489795918366,0.020408163265306124,True
17031660500,2.0,66944.0,2,0.0,0.0,0.0,0.0,0.0,False
17031660600,69.0,39913.0,15,2.0,5.0,0.028985507246376812,0.07246376811594203,0.043478260869565216,True
17031660700,24.0,32864.0,1,0.0,1.0,0.0,0.041666666666666664,0.041666666666666664,True
17031660800,39.0,43569.0,9,4.0,2.0,0.10256410256410256,0.05128205128205128,-0.05128205128205128,False
17031660900,41.0,45572.0,9,7.0,2.0,0.17073170731707318,0.04878048780487805,-0.12195121951219513,False
17031661000,81.0,49652.0,13,1.0,6.0,0.012345679012345678,0.07407407407407407,0.06172839506172839,True
17031661100,36.0,69196.0,9,1.0,1.0,0.027777777777777776,0.027777777777777776,0.0,False
17031670100,10.0,36313.0,3,2.0,0.0,0.2,0.0,-0.2,False
17031670200,26.0,96152.0,6,1.0,1.0,0.038461538461538464,0.038461538461538464,0.0,False
17031670300,1.0,35038.0,1,0.0,0.0,0.0,0.0,0.0,False
17031670400,15.0,33482.0,10,2.0,1.0,0.13333333333333333,0.06666666666666667,-0.06666666666666667,False
17031670500,31.0,29856.0,3,0.0,3.0,0.0,0.0967741935483871,0.0967741935483871,True
17031670600,12.0,39000.0,3,2.0,0.0,0.16666666666666666,0.0,-0.16666666666666666,False
17031670700,5.0,29541.0,1,0.0,0.0,0.0,0.0,0.0,False
17031670800,30.0,43145.0,5,1.0,2.0,0.03333333333333333,0.06666666666666667,0.03333333333333333,True
17031670900,32.0,30542.0,4,1.0,2.0,0.03125,0.0625,0.03125,True
17031671100,20.0,15735.0,4,0.0,3.0,0.0,0.15,0.15,True
17031671200,2.0,42143.0,3,0.0,0.0,0.0,0.0,0.0,False
17031671300,26.0,29563.0,7,2.0,0.0,0.07692307692307693,0.0,-0.07692307692307693,False
17031671400,79.0,29469.0,11,6.0,5.0,0.0759493670886076,0.06329113924050633,-0.012658227848101264,False
17031671500,71.0,43203.0,7,0.0,5.0,0.0,0.07042253521126761,0.07042253521126761,True
17031671600,57.0,25849.0,10,0.0,8.0,0.0,0.14035087719298245,0.14035087719298245,True
17031671800,9.0,52125.0,2,1.0,1.0,0.1111111111111111,0.1111111111111111,0.0,False
17031671900,20.0,36337.0,1,1.0,0.0,0.05,0.0,-0.05,False
17031672000,45.0,45192.0,8,2.0,3.0,0.044444444444444446,0.06666666666666667,0.02222222222222222,True
17031680500,66.0,42639.0,7,5.0,2.0,0.07575757575757576,0.030303030303030304,-0.045454545454545456,False
17031680600,0.0,52237.0,1,0.0,0.0,,,,False
17031680900,77.0,18333.0,8,3.0,5.0,0.03896103896103896,0.06493506493506493,0.02597402597402597,True
17031681000,213.0,27844.0,18,4.0,10.0,0.018779342723004695,0.046948356807511735,0.02816901408450704,True
17031681100,39.0,36083.0,4,1.0,2.0,0.02564102564102564,0.05128205128205128,0.02564102564102564,True
17031681200,33.0,23250.0,5,0.0,2.0,0.0,0.06060606060606061,0.06060606060606061,True
17031681300,90.0,21888.0,14,4.0,7.0,0.044444444444444446,0.07777777777777778,0.03333333333333333,True
17031681400,73.0,51835.0,16,1.0,8.0,0.0136986301369863,0.1095890410958904,0.0958904109589041,True
17031690300,1.0,34978.0,1,1.0,0.0,1.0,0.0,-1.0,False
17031690400,34.0,46313.0,7,1.0,4.0,0.029411764705882353,0.11764705882352941,0.08823529411764705,True
17031690500,30.0,57841.0,3,0.0,1.0,0.0,0.03333333333333333,0.03333333333333333,True
17031690900,102.0,36927.0,24,3.0,6.0,0.029411764705882353,0.058823529411764705,0.029411764705882353,True
17031691000,3.0,64361.0,2,0.0,0.0,0.0,0.0,0.0,False
17031691100,33.0,55170.0,3,2.0,0.0,0.06060606060606061,0.0,-0.06060606060606061,False
17031691200,75.0,34444.0,9,3.0,4.0,0.04,0.05333333333333334,0.013333333333333336,True
17031691300,10.0,55203.0,5,1.0,1.0,0.1,0.1,0.0,False
17031691400,51.0,35495.0,10,4.0,2.0,0.0784313725490196,0.0392156862745098,-0.0392156862745098,False
17031691500,48.0,24101.0,6,0.0,5.0,0.0,0.10416666666666667,0.10416666666666667,True
17031700100,2.0,79659.0,1,0.0,0.0,0.0,0.0,0.0,False
17031700200,6.0,74125.0,2,0.0,2.0,0.0,0.3333333333333333,0.3333333333333333,True
17031700301,16.0,84667.0,3,1.0,1.0,0.0625,0.0625,0.0,False
17031700302,5.0,86000.0,2,0.0,2.0,0.0,0.4,0.4,True
17031700401,23.0,94313.0,9,0.0,4.0,0.0,0.17391304347826086,0.17391304347826086,True
17031700402,20.0,98152.0,4,2.0,0.0,0.1,0.0,-0.1,False
17031700501,14.0,64739.0,9,1.0,1.0,0.07142857142857142,0.07142857142857142,0.0,False
17031710100,55.0,28287.0,7,2.0,1.0,0.03636363636363636,0.01818181818181818,-0.01818181818181818,False
17031710200,170.0,30871.0,28,15.0,13.0,0.08823529411764706,0.07647058823529412,-0.011764705882352941,False
17031710300,1.0,54886.0,1,0.0,0.0,0.0,0.0,0.0,False
17031710400,61.0,43986.0,7,2.0,2.0,0.03278688524590164,0.03278688524590164,0.0,False
17031710500,57.0,44973.0,13,2.0,5.0,0.03508771929824561,0.08771929824561403,0.05263157894736842,True
17031710600,18.0,42132.0,4,2.0,1.0,0.1111111111111111,0.05555555555555555,-0.05555555555555555,False
17031710700,15.0,40938.0,5,1.0,0.0,0.06666666666666667,0.0,-0.06666666666666667,False
17031710800,85.0,37580.0,13,8.0,3.0,0.09411764705882353,0.03529411764705882,-0.058823529411764705,False
17031710900,16.0,48867.0,5,0.0,4.0,0.0,0.25,0.25,True
17031711000,46.0,55197.0,9,1.0,3.0,0.021739130434782608,0.06521739130434782,0.043478260869565216,True
17031711100,30.0,49688.0,7,3.0,1.0,0.1,0.03333333333333333,-0.06666666666666668,False
17031711200,13.0,60433.0,4,2.0,0.0,0.15384615384615385,0.0,-0.15384615384615385,False
17031711400,20.0,59188.0,4,2.0,2.0,0.1,0.1,0.0,False
17031711500,17.0,52885.0,4,0.0,2.0,0.0,0.11764705882352941,0.11764705882352941,True
17031720100,0.0,149180.0,1,0.0,0.0,,,,False
17031720200,3.0,121080.0,1,0.0,1.0,0.0,0.3333333333333333,0.3333333333333333,True
17031720300,7.0,136914.0,2,2.0,0.0,0.2857142857142857,0.0,-0.2857142857142857,False
17031720500,29.0,111250.0,3,2.0,1.0,0.06896551724137931,0.034482758620689655,-0.034482758620689655,False
17031720700,5.0,98897.0,1,1.0,0.0,0.2,0.0,-0.2,False
17031730100,15.0,57200.0,2,0.0,1.0,0.0,0.06666666666666667,0.06666666666666667,True
17031730201,56.0,61432.0,11,2.0,5.0,0.03571428571428571,0.08928571428571429,0.053571428571428575,True
17031730202,47.0,81250.0,5,4.0,1.0,0.0851063829787234,0.02127659574468085,-0.06382978723404255,False
17031730300,10.0,45278.0,7,1.0,1.0,0.1,0.1,0.0,False
17031730400,17.0,88365.0,4,0.0,2.0,0.0,0.11764705882352941,0.11764705882352941,True
17031730500,73.0,64566.0,10,4.0,2.0,0.0547945205479452,0.0273972602739726,-0.0273972602739726,False
17031730600,3.0,80500.0,1,0.0,1.0,0.0,0.3333333333333333,0.3333333333333333,True
17031730700,45.0,67500.0,6,5.0,0.0,0.1111111111111111,0.0,-0.1111111111111111,False
17031740100,1.0,109375.0,1,0.0,0.0,0.0,0.0,0.0,False
17031740200,2.0,124161.0,1,0.0,1.0,0.0,0.5,0.5,True
17031740400,17.0,91042.0,5,2.0,1.0,0.11764705882352941,0.058823529411764705,-0.058823529411764705,False
17031750100,39.0,53273.0,6,0.0,3.0,0.0,0.07692307692307693,0.07692307692307693,True
17031750200,29.0,79464.0,7,4.0,2.0,0.13793103448275862,0.06896551724137931,-0.06896551724137931,False
17031750400,17.0,108788.0,1,0.0,1.0,0.0,0.058823529411764705,0.058823529411764705,True
17031750500,39.0,68615.0,7,2.0,3.0,0.05128205128205128,0.07692307692307693,0.025641025641025647,True
17031750600,62.0,58494.0,11,4.0,3.0,0.06451612903225806,0.04838709677419355,-0.016129032258064516,False
17031810900,3.0,56292.0,1,0.0,0.0,0.0,0.0,0.0,False
17031830500,25.0,65795.0,5,1.0,1.0,0.04,0.04,0.0,False
17031830600,5.0,64261.0,3,0.0,0.0,0.0,0.0,0.0,False
17031830700,1.0,67462.0,1,0.0,1.0,0.0,1.0,1.0,True
17031831100,28.0,97640.0,7,2.0,3.0,0.07142857142857142,0.10714285714285714,0.03571428571428571,True
17031831200,8.0,61250.0,1,1.0,0.0,0.125,0.0,-0.125,False
17031831300,113.0,45583.0,10,3.0,8.0,0.02654867256637168,0.07079646017699115,0.04424778761061947,True
17031831400,59.0,33516.0,12,4.0,5.0,0.06779661016949153,0.0847457627118644,0.016949152542372878,True
17031831500,3.0,78682.0,1,0.0,1.0,0.0,0.3333333333333333,0.3333333333333333,True
17031831600,25.0,59535.0,4,0.0,3.0,0.0,0.12,0.12,True
17031831700,24.0,47232.0,2,1.0,0.0,0.041666666666666664,0.0,-0.041666666666666664,False
17031831800,11.0,84357.0,4,0.0,1.0,0.0,0.09090909090909091,0.09090909090909091,True
17031832000,37.0,146944.0,4,4.0,0.0,0.10810810810810811,0.0,-0.10810810810810811,False
17031832100,1.0,84875.0,1,0.0,0.0,0.0,0.0,0.0,False
17031832200,19.0,152902.0,4,1.0,0.0,0.05263157894736842,0.0,-0.05263157894736842,False
17031832300,1.0,131212.0,1,1.0,0.0,1.0,0.0,-1.0,False
17031832500,22.0,148971.0,5,1.0,2.0,0.045454545454545456,0.09090909090909091,0.045454545454545456,True
17031832600,23.0,211324.0,1,1.0,0.0,0.043478260869565216,0.0,-0.043478260869565216,False
17031832900,3.0,80951.0,1,1.0,0.0,0.3333333333333333,0.0,-0.3333333333333333,False
17031833000,11.0,169489.0,4,0.0,1.0,0.0,0.09090909090909091,0.09090909090909091,True
17031833100,4.0,168125.0,3,0.0,0.0,0.0,0.0,0.0,False
17031833900,28.0,40694.0,8,3.0,2.0,0.10714285714285714,0.07142857142857142,-0.03571428571428571,False
17031834000,21.0,41225.0,3,0.0,2.0,0.0,0.09523809523809523,0.09523809523809523,True
17031834200,119.0,63523.0,20,5.0,7.0,0.04201680672268908,0.058823529411764705,0.016806722689075626,True
17031834300,90.0,52425.0,16,7.0,3.0,0.07777777777777778,0.03333333333333333,-0.044444444444444446,False
17031834400,67.0,40588.0,13,4.0,4.0,0.05970149253731343,0.05970149253731343,0.0,False
17031834500,13.0,53958.0,4,0.0,2.0,0.0,0.15384615384615385,0.15384615384615385,True
17031834600,124.0,24836.0,14,5.0,5.0,0.04032258064516129,0.04032258064516129,0.0,False
17031834700,4.0,37000.0,2,0.0,1.0,0.0,0.25,0.25,True
17031834800,46.0,21636.0,7,2.0,1.0,0.043478260869565216,0.021739130434782608,-0.021739130434782608,False
17031834900,49.0,20086.0,7,2.0,4.0,0.04081632653061224,0.08163265306122448,0.04081632653061224,True
17031835000,88.0,41907.0,14,4.0,5.0,0.045454545454545456,0.056818181818181816,0.01136363636363636,True
17031835100,52.0,46414.0,10,5.0,3.0,0.09615384615384616,0.057692307692307696,-0.038461538461538464,False
17031835200,2.0,79000.0,2,1.0,0.0,0.5,0.0,-0.5,False
17031835500,21.0,20669.0,2,1.0,1.0,0.047619047619047616,0.047619047619047616,0.0,False
17031835800,6.0,84500.0,4,0.0,0.0,0.0,0.0,0.0,False
17031836100,29.0,19645.0,6,0.0,3.0,0.0,0.10344827586206896,0.10344827586206896,True
17031836400,2.0,27012.0,1,0.0,0.0,0.0,0.0,0.0,False
17031836600,74.0,84667.0,16,3.0,2.0,0.04054054054054054,0.02702702702702703,-0.013513513513513514,False
17031836700,106.0,47439.0,20,4.0,9.0,0.03773584905660377,0.08490566037735849,0.04716981132075471,True
17031836800,26.0,22642.0,5,4.0,0.0,0.15384615384615385,0.0,-0.15384615384615385,False
17031836900,57.0,43333.0,6,0.0,6.0,0.0,0.10526315789473684,0.10526315789473684,True
17031837000,81.0,43951.0,12,4.0,4.0,0.04938271604938271,0.04938271604938271,0.0,False
17031837100,8.0,61351.0,1,0.0,1.0,0.0,0.125,0.125,True
17031837300,12.0,22197.0,4,0.0,2.0,0.0,0.16666666666666666,0.16666666666666666,True
17031837400,5.0,45234.0,2,0.0,0.0,0.0,0.0,0.0,False
17031837800,43.0,34688.0,7,2.0,2.0,0.046511627906976744,0.046511627906976744,0.0,False
17031838200,11.0,105667.0,4,1.0,0.0,0.09090909090909091,0.0,-0.09090909090909091,False
17031838600,15.0,14701.0,2,2.0,0.0,0.13333333333333333,0.0,-0.13333333333333333,False
17031838700,243.0,24074.0,26,12.0,13.0,0.04938271604938271,0.053497942386831275,0.004115226337448562,True
17031839000,69.0,95565.0,7,3.0,3.0,0.043478260869565216,0.043478260869565216,0.0,False
17031839100,209.0,139943.0,19,7.0,13.0,0.03349282296650718,0.06220095693779904,0.028708133971291863,True
17031839200,7.0,39133.0,2,0.0,2.0,0.0,0.2857142857142857,0.2857142857142857,True
17031839600,7.0,68880.0,4,1.0,0.0,0.14285714285714285,0.0,-0.14285714285714285,False
17031839700,22.0,90149.0,8,0.0,1.0,0.0,0.045454545454545456,0.045454545454545456,True
17031839800,4.0,79643.0,1,0.0,1.0,0.0,0.25,0.25,True
17031840100,1.0,66981.0,1,0.0,0.0,0.0,0.0,0.0,False
17031840200,3.0,51771.0,2,0.0,0.0,0.0,0.0,0.0,False
17031840300,20.0,74722.0,8,2.0,2.0,0.1,0.1,0.0,False
17031840400,4.0,77768.0,2,1.0,0.0,0.25,0.0,-0.25,False
17031840700,57.0,106250.0,9,2.0,3.0,0.03508771929824561,0.05263157894736842,0.017543859649122806,True
17031840800,32.0,47572.0,6,0.0,2.0,0.0,0.0625,0.0625,True
17031841000,4.0,105625.0,2,0.0,0.0,0.0,0.0,0.0,False
17031841100,51.0,43527.0,10,3.0,3.0,0.058823529411764705,0.058823529411764705,0.0,False
17031841200,44.0,62819.0,8,2.0,2.0,0.045454545454545456,0.045454545454545456,0.0,False
17031841300,70.0,69327.0,11,5.0,4.0,0.07142857142857142,0.05714285714285714,-0.014285714285714284,False
17031841500,16.0,24706.0,5,1.0,1.0,0.0625,0.0625,0.0,False
17031841700,17.0,45854.0,1,1.0,0.0,0.058823529411764705,0.0,-0.058823529411764705,False
17031841800,20.0,50964.0,3,1.0,1.0,0.05,0.05,0.0,False
17031841900,52.0,136955.0,4,1.0,2.0,0.019230769230769232,0.038461538461538464,0.019230769230769232,True
17031842100,33.0,60741.0,11,2.0,3.0,0.06060606060606061,0.09090909090909091,0.030303030303030304,True
17031842200,51.0,95174.0,6,2.0,4.0,0.0392156862745098,0.0784313725490196,0.0392156862745098,True
17031842300,14.0,173082.0,2,0.0,2.0,0.0,0.14285714285714285,0.14285714285714285,True
17031842400,141.0,100870.0,22,5.0,11.0,0.03546099290780142,0.07801418439716312,0.0425531914893617,True
17031842500,1.0,36955.0,1,0.0,1.0,0.0,1.0,1.0,True
17031842600,53.0,91667.0,9,4.0,2.0,0.07547169811320754,0.03773584905660377,-0.03773584905660377,False
17031842800,11.0,56667.0,7,1.0,2.0,0.09090909090909091,0.18181818181818182,0.09090909090909091,True
17031842900,26.0,21521.0,4,1.0,2.0,0.038461538461538464,0.07692307692307693,0.038461538461538464,True
17031843000,34.0,21726.0,6,2.0,2.0,0.058823529411764705,0.058823529411764705,0.0,False
17031843100,71.0,61648.0,10,3.0,5.0,0.04225352112676056,0.07042253521126761,0.028169014084507046,True
17031843200,3.0,70525.0,3,0.0,0.0,0.0,0.0,0.0,False
17031843300,40.0,65278.0,4,3.0,1.0,0.075,0.025,-0.049999999999999996,False
17031843400,77.0,43021.0,9,1.0,5.0,0.012987012987012988,0.06493506493506493,0.05194805194805194,True
17031843600,18.0,71359.0,2,0.0,2.0,0.0,0.1111111111111111,0.1111111111111111,True
17031843800,11.0,57885.0,3,0.0,2.0,0.0,0.18181818181818182,0.18181818181818182,True
17031843900,25.0,47760.0,5,2.0,3.0,0.08,0.12,0.039999999999999994,True
17031844600,9.0,56848.0,4,0.0,1.0,0.0,0.1111111111111111,0.1111111111111111,True
17031844700,64.0,69583.0,10,3.0,2.0,0.046875,0.03125,-0.015625,False
